{
  "openapi": "3.0.3",
  "info": {
    "title": "API Documentation",
    "version": "1.0.0",
    "description": "API for your application"
  },
  "servers": [
    {
      "url": "http://localhost:8000",
      "description": "Production server"
    }
  ],
  "components": {
    "securitySchemes": {
      "bearerAuth": {
        "type": "http",
        "scheme": "bearer",
        "bearerFormat": "JWT"
      }
    },
    "schemas": {
      "User": {
        "type": "object",
        "properties": {
          "id": { "type": "string" },
          "username": { "type": "string" },
          "email": { "type": "string" },
          "password": { "type": "string" }
        }
      },
      "Website": {
        "type": "object",
        "properties": {
          "id": { "type": "string" },
          "name": { "type": "string" },
          "about": { "type": "string" },
          "userId": { "type": "string" },
          "isDefault": { "type": "string" }
        }
      },
      "Image": {
        "type": "object",
        "properties": {
          "id": { "type": "string" },
          "src": { "type": "string" },
          "width": { "type": "string" },
          "height": { "type": "string" },
          "filename": { "type": "string" },
          "filesize": { "type": "string" },
          "mimetype": { "type": "string" },
          "websiteId": { "type": "string" }
        }
      },
      "CarouselItem": {
        "type": "object",
        "properties": {
          "id": { "type": "string" },
          "image": { "type": "string" },
          "title": { "type": "string" },
          "subtitle": { "type": "string" },
          "active": { "type": "string" },
          "order": { "type": "string" },
          "websiteId": { "type": "string" }
        }
      },
      "Tag": {
        "type": "object",
        "properties": {
          "id": { "type": "string" },
          "name": { "type": "string" }
        }
      },
      "ImageTag": {
        "type": "object",
        "properties": {
          "id": { "type": "string" },
          "imageId": { "type": "string" },
          "tagId": { "type": "string" }
        }
      },
      "ActivityLog": {
        "type": "object",
        "properties": {
          "id": { "type": "string" },
          "userId": { "type": "string" },
          "action": { "type": "string" },
          "details": { "type": "string" },
          "ipAddress": { "type": "string" },
          "userAgent": { "type": "string" }
        }
      },
      "Package": {
        "type": "object",
        "properties": {
          "id": { "type": "string" },
          "name": { "type": "string" },
          "price": { "type": "number" },
          "location": { "type": "string" },
          "src": { "type": "string" },
          "description": { "type": "string" },
          "websiteId": { "type": "string" }
        }
      },
      "LoginRequest": {
        "type": "object",
        "properties": {
          "email": { "type": "string" },
          "password": { "type": "string" }
        },
        "required": ["email", "password"]
      },
      "RegisterRequest": {
        "type": "object",
        "properties": {
          "username": { "type": "string" },
          "email": { "type": "string" },
          "password": { "type": "string" }
        },
        "required": ["username", "email", "password"]
      }
    }
  },
  "paths": {
    "/": {
      "get": {
        "tags": ["Home"],
        "summary": "Home page",
        "responses": {
          "200": {
            "description": "Welcome message"
          }
        }
      }
    },
    "/status": {
      "get": {
        "tags": ["Home"],
        "summary": "API status",
        "responses": {
          "200": {
            "description": "API status information"
          }
        }
      }
    },
    "/auth/login": {
      "post": {
        "tags": ["Auth"],
        "summary": "User login",
        "requestBody": {
          "content": {
            "application/json": {
              "schema": {
                "$ref": "#/components/schemas/LoginRequest"
              }
            }
          },
          "required": true
        },
        "responses": {
          "200": {
            "description": "Login successful"
          },
          "401": {
            "description": "Invalid credentials"
          }
        }
      }
    },
    "/auth/register": {
      "post": {
        "tags": ["Auth"],
        "summary": "User registration",
        "requestBody": {
          "content": {
            "application/json": {
              "schema": {
                "$ref": "#/components/schemas/RegisterRequest"
              }
            }
          },
          "required": true
        },
        "responses": {
          "201": {
            "description": "Registration successful"
          },
          "400": {
            "description": "Validation failed"
          }
        }
      }
    },
    "/auth/refresh": {
      "post": {
        "tags": ["Auth"],
        "summary": "Refresh token",
        "responses": {
          "200": {
            "description": "Token refreshed successfully"
          },
          "401": {
            "description": "Invalid refresh token"
          }
        }
      }
    },
    "/auth/me": {
      "get": {
        "tags": ["Auth"],
        "summary": "Get current user",
        "responses": {
          "200": {
            "description": "Current user data",
            "content": {
              "application/json": {
                "schema": {
                  "$ref": "#/components/schemas/User"
                }
              }
            }
          },
          "401": {
            "description": "Unauthorized"
          }
        }
      }
    },
    "/users": {
      "get": {
        "tags": ["User"],
        "summary": "Get all users",
        "security": [{ "bearerAuth": [] }],
        "responses": {
          "200": {
            "description": "List of users",
            "content": {
              "application/json": {
                "schema": {
                  "type": "array",
                  "items": {
                    "$ref": "#/components/schemas/User"
                  }
                }
              }
            }
          },
          "401": {
            "description": "Unauthorized"
          }
        }
      },
      "post": {
        "tags": ["User"],
        "summary": "Create user",
        "security": [{ "bearerAuth": [] }],
        "requestBody": {
          "content": {
            "application/json": {
              "schema": {
                "$ref": "#/components/schemas/User"
              }
            }
          },
          "required": true
        },
        "responses": {
          "201": {
            "description": "User created successfully"
          },
          "400": {
            "description": "Validation failed"
          },
          "401": {
            "description": "Unauthorized"
          }
        }
      }
    },
    "/users/{id}": {
      "get": {
        "tags": ["User"],
        "summary": "Get user by ID",
        "security": [{ "bearerAuth": [] }],
        "parameters": [
          {
            "name": "id",
            "in": "path",
            "required": true,
            "schema": {
              "type": "string"
            }
          }
        ],
        "responses": {
          "200": {
            "description": "User data",
            "content": {
              "application/json": {
                "schema": {
                  "$ref": "#/components/schemas/User"
                }
              }
            }
          },
          "401": {
            "description": "Unauthorized"
          },
          "404": {
            "description": "User not found"
          }
        }
      },
      "put": {
        "tags": ["User"],
        "summary": "Update user",
        "security": [{ "bearerAuth": [] }],
        "parameters": [
          {
            "name": "id",
            "in": "path",
            "required": true,
            "schema": {
              "type": "string"
            }
          }
        ],
        "requestBody": {
          "content": {
            "application/json": {
              "schema": {
                "$ref": "#/components/schemas/User"
              }
            }
          },
          "required": true
        },
        "responses": {
          "200": {
            "description": "User updated successfully"
          },
          "400": {
            "description": "Validation failed"
          },
          "401": {
            "description": "Unauthorized"
          },
          "404": {
            "description": "User not found"
          }
        }
      },
      "delete": {
        "tags": ["User"],
        "summary": "Delete user",
        "security": [{ "bearerAuth": [] }],
        "parameters": [
          {
            "name": "id",
            "in": "path",
            "required": true,
            "schema": {
              "type": "string"
            }
          }
        ],
        "responses": {
          "204": {
            "description": "User deleted successfully"
          },
          "401": {
            "description": "Unauthorized"
          },
          "404": {
            "description": "User not found"
          }
        }
      }
    },
    "/websites": {
      "get": {
        "tags": ["Website"],
        "summary": "Get all websites",
        "security": [{ "bearerAuth": [] }],
        "responses": {
          "200": {
            "description": "List of websites",
            "content": {
              "application/json": {
                "schema": {
                  "type": "array",
                  "items": {
                    "$ref": "#/components/schemas/Website"
                  }
                }
              }
            }
          },
          "401": {
            "description": "Unauthorized"
          }
        }
      },
      "post": {
        "tags": ["Website"],
        "summary": "Create website",
        "security": [{ "bearerAuth": [] }],
        "requestBody": {
          "content": {
            "application/json": {
              "schema": {
                "$ref": "#/components/schemas/Website"
              }
            }
          },
          "required": true
        },
        "responses": {
          "201": {
            "description": "Website created successfully"
          },
          "400": {
            "description": "Validation failed"
          },
          "401": {
            "description": "Unauthorized"
          }
        }
      }
    },
    "/websites/{id}": {
      "get": {
        "tags": ["Website"],
        "summary": "Get website by ID",
        "security": [{ "bearerAuth": [] }],
        "parameters": [
          {
            "name": "id",
            "in": "path",
            "required": true,
            "schema": {
              "type": "string"
            }
          }
        ],
        "responses": {
          "200": {
            "description": "Website data",
            "content": {
              "application/json": {
                "schema": {
                  "$ref": "#/components/schemas/Website"
                }
              }
            }
          },
          "401": {
            "description": "Unauthorized"
          },
          "404": {
            "description": "Website not found"
          }
        }
      },
      "put": {
        "tags": ["Website"],
        "summary": "Update website",
        "security": [{ "bearerAuth": [] }],
        "parameters": [
          {
            "name": "id",
            "in": "path",
            "required": true,
            "schema": {
              "type": "string"
            }
          }
        ],
        "requestBody": {
          "content": {
            "application/json": {
              "schema": {
                "$ref": "#/components/schemas/Website"
              }
            }
          },
          "required": true
        },
        "responses": {
          "200": {
            "description": "Website updated successfully"
          },
          "400": {
            "description": "Validation failed"
          },
          "401": {
            "description": "Unauthorized"
          },
          "404": {
            "description": "Website not found"
          }
        }
      },
      "delete": {
        "tags": ["Website"],
        "summary": "Delete website",
        "security": [{ "bearerAuth": [] }],
        "parameters": [
          {
            "name": "id",
            "in": "path",
            "required": true,
            "schema": {
              "type": "string"
            }
          }
        ],
        "responses": {
          "204": {
            "description": "Website deleted successfully"
          },
          "401": {
            "description": "Unauthorized"
          },
          "404": {
            "description": "Website not found"
          }
        }
      }
    },
    "/images": {
      "get": {
        "tags": ["Image"],
        "summary": "Get all images",
        "security": [{ "bearerAuth": [] }],
        "responses": {
          "200": {
            "description": "List of images",
            "content": {
              "application/json": {
                "schema": {
                  "type": "array",
                  "items": {
                    "$ref": "#/components/schemas/Image"
                  }
                }
              }
            }
          },
          "401": {
            "description": "Unauthorized"
          }
        }
      },
      "post": {
        "tags": ["Image"],
        "summary": "Upload image",
        "security": [{ "bearerAuth": [] }],
        "requestBody": {
          "content": {
            "multipart/form-data": {
              "schema": {
                "type": "object",
                "properties": {
                  "image": {
                    "type": "string",
                    "format": "binary"
                  }
                }
              }
            }
          }
        },
        "responses": {
          "201": {
            "description": "Image uploaded successfully"
          },
          "400": {
            "description": "Validation failed"
          },
          "401": {
            "description": "Unauthorized"
          }
        }
      }
    },
    "/images/upload/{websiteId}": {
      "post": {
        "tags": ["Image"],
        "summary": "Upload image for specific website",
        "security": [{ "bearerAuth": [] }],
        "parameters": [
          {
            "name": "websiteId",
            "in": "path",
            "required": true,
            "schema": {
              "type": "string"
            }
          }
        ],
        "requestBody": {
          "content": {
            "multipart/form-data": {
              "schema": {
                "type": "object",
                "properties": {
                  "image": {
                    "type": "string",
                    "format": "binary"
                  }
                }
              }
            }
          }
        },
        "responses": {
          "201": {
            "description": "Image uploaded successfully"
          },
          "400": {
            "description": "Validation failed"
          },
          "401": {
            "description": "Unauthorized"
          }
        }
      }
    },
    "/images/websiteId/{websiteId}": {
      "get": {
        "tags": ["Image"],
        "summary": "Get images by website ID",
        "parameters": [
          {
            "name": "websiteId",
            "in": "path",
            "required": true,
            "schema": {
              "type": "string"
            }
          }
        ],
        "responses": {
          "200": {
            "description": "List of images for website",
            "content": {
              "application/json": {
                "schema": {
                  "type": "array",
                  "items": {
                    "$ref": "#/components/schemas/Image"
                  }
                }
              }
            }
          },
          "404": {
            "description": "Website not found"
          }
        }
      }
    },
    "/images/{id}": {
      "get": {
        "tags": ["Image"],
        "summary": "Get image by ID",
        "security": [{ "bearerAuth": [] }],
        "parameters": [
          {
            "name": "id",
            "in": "path",
            "required": true,
            "schema": {
              "type": "string"
            }
          }
        ],
        "responses": {
          "200": {
            "description": "Image data",
            "content": {
              "application/json": {
                "schema": {
                  "$ref": "#/components/schemas/Image"
                }
              }
            }
          },
          "401": {
            "description": "Unauthorized"
          },
          "404": {
            "description": "Image not found"
          }
        }
      },
      "put": {
        "tags": ["Image"],
        "summary": "Update image",
        "security": [{ "bearerAuth": [] }],
        "parameters": [
          {
            "name": "id",
            "in": "path",
            "required": true,
            "schema": {
              "type": "string"
            }
          }
        ],
        "requestBody": {
          "content": {
            "application/json": {
              "schema": {
                "$ref": "#/components/schemas/Image"
              }
            }
          },
          "required": true
        },
        "responses": {
          "200": {
            "description": "Image updated successfully"
          },
          "400": {
            "description": "Validation failed"
          },
          "401": {
            "description": "Unauthorized"
          },
          "404": {
            "description": "Image not found"
          }
        }
      },
      "delete": {
        "tags": ["Image"],
        "summary": "Delete image",
        "security": [{ "bearerAuth": [] }],
        "parameters": [
          {
            "name": "id",
            "in": "path",
            "required": true,
            "schema": {
              "type": "string"
            }
          }
        ],
        "responses": {
          "204": {
            "description": "Image deleted successfully"
          },
          "401": {
            "description": "Unauthorized"
          },
          "404": {
            "description": "Image not found"
          }
        }
      }
    },
    "/carousel": {
      "get": {
        "tags": ["Carousel"],
        "summary": "Get all carousel items",
        "security": [{ "bearerAuth": [] }],
        "responses": {
          "200": {
            "description": "List of carousel items",
            "content": {
              "application/json": {
                "schema": {
                  "type": "array",
                  "items": {
                    "$ref": "#/components/schemas/CarouselItem"
                  }
                }
              }
            }
          },
          "401": {
            "description": "Unauthorized"
          }
        }
      }},
      "/carousel/{websiteId}": {
      "post": {
        "tags": ["Carousel"],
        "summary": "Create carousel item",
        "security": [{ "bearerAuth": [] }],
        "parameters": [
          {
            "name": "websiteId",
            "in": "path",
            "required": true,
            "schema": {
              "type": "string"
            }
          }
        ],
        "requestBody": {
          "content": {
            "application/json": {
              "schema": {
                "$ref": "#/components/schemas/CarouselItem"
              }
            }
          },
          "required": true
        },
        "responses": {
          "201": {
            "description": "Carousel item created successfully"
          },
          "400": {
            "description": "Validation failed"
          },
          "401": {
            "description": "Unauthorized"
          }
        }
      }

    },
    "/carousel/{id}": {
      "get": {
        "tags": ["Carousel"],
        "summary": "Get carousel item by ID",
        "security": [{ "bearerAuth": [] }],
        "parameters": [
          {
            "name": "id",
            "in": "path",
            "required": true,
            "schema": {
              "type": "string"
            }
          }
        ],
        "responses": {
          "200": {
            "description": "Carousel item data",
            "content": {
              "application/json": {
                "schema": {
                  "$ref": "#/components/schemas/CarouselItem"
                }
              }
            }
          },
          "401": {
            "description": "Unauthorized"
          },
          "404": {
            "description": "Carousel item not found"
          }
        }
      },
      "put": {
        "tags": ["Carousel"],
        "summary": "Update carousel item",
        "security": [{ "bearerAuth": [] }],
        "parameters": [
          {
            "name": "id",
            "in": "path",
            "required": true,
            "schema": {
              "type": "string"
            }
          }
        ],
        "requestBody": {
          "content": {
            "application/json": {
              "schema": {
                "$ref": "#/components/schemas/CarouselItem"
              }
            }
          },
          "required": true
        },
        "responses": {
          "200": {
            "description": "Carousel item updated successfully"
          },
          "400": {
            "description": "Validation failed"
          },
          "401": {
            "description": "Unauthorized"
          },
          "404": {
            "description": "Carousel item not found"
          }
        }
      },
      "delete": {
        "tags": ["Carousel"],
        "summary": "Delete carousel item",
        "security": [{ "bearerAuth": [] }],
        "parameters": [
          {
            "name": "id",
            "in": "path",
            "required": true,
            "schema": {
              "type": "string"
            }
          }
        ],
        "responses": {
          "204": {
            "description": "Carousel item deleted successfully"
          },
          "401": {
            "description": "Unauthorized"
          },
          "404": {
            "description": "Carousel item not found"
          }
        }
      }
    },
    "/carousel/websiteId/{websiteId}": {
      "get": {
        "tags": ["Carousel"],
        "summary": "Get carousel items by website ID",
        "parameters": [
          {
            "name": "websiteId",
            "in": "path",
            "required": true,
            "schema": {
              "type": "string"
            }
          }
        ],
        "responses": {
          "200": {
            "description": "List of carousel items for website",
            "content": {
              "application/json": {
                "schema": {
                  "type": "array",
                  "items": {
                    "$ref": "#/components/schemas/CarouselItem"
                  }
                }
              }
            }
          },
          "404": {
            "description": "Website not found"
          }
        }
      }
    },
    "/carousel/{websiteId}/reorder": {
      "post": {
        "tags": ["Carousel"],
        "summary": "Reorder carousel items",
        "security": [{ "bearerAuth": [] }],
        "parameters": [
          {
            "name": "websiteId",
            "in": "path",
            "required": true,
            "schema": {
              "type": "string"
            }
          }
        ],
        "requestBody": {
          "content": {
            "application/json": {
              "schema": {
                "type": "object",
                "properties": {
                  "order": {
                    "type": "array",
                    "items": {
                      "type": "string"
                    }
                  }
                }
              }
            }
          },
          "required": true
        },
        "responses": {
          "200": {
            "description": "Carousel items reordered successfully"
          },
          "400": {
            "description": "Validation failed"
          },
          "401": {
            "description": "Unauthorized"
          }
        }
      }
    },
    "/carousel/{websiteId}/upload": {
      "post": {
        "tags": ["Carousel"],
        "summary": "Create carousel item with upload",
        "security": [{ "bearerAuth": [] }],
        "parameters": [
          {
            "name": "websiteId",
            "in": "path",
            "required": true,
            "schema": {
              "type": "string"
            }
          }
        ],
        "requestBody": {
          "content": {
            "multipart/form-data": {
              "schema": {
                "type": "object",
                "properties": {
                  "image": {
                    "type": "string",
                    "format": "binary"
                  },
                  "title": {
                    "type": "string"
                  },
                  "subtitle": {
                    "type": "string"
                  },
                  "active": {
                    "type": "string"
                  },
                  "order": {
                    "type": "string"
                  }
                }
              }
            }
          }
        },
        "responses": {
          "201": {
            "description": "Carousel item created with upload successfully"
          },
          "400": {
            "description": "Validation failed"
          },
          "401": {
            "description": "Unauthorized"
          }
        }
      }
    },
    "/tags": {
      "get": {
        "tags": ["Tag"],
        "summary": "Get all tags",
        "security": [{ "bearerAuth": [] }],
        "responses": {
          "200": {
            "description": "List of tags",
            "content": {
              "application/json": {
                "schema": {
                  "type": "array",
                  "items": {
                    "$ref": "#/components/schemas/Tag"
                  }
                }
              }
            }
          },
          "401": {
            "description": "Unauthorized"
          }
        }
      },
      "post": {
        "tags": ["Tag"],
        "summary": "Create tag",
        "security": [{ "bearerAuth": [] }],
        "requestBody": {
          "content": {
            "application/json": {
              "schema": {
                "$ref": "#/components/schemas/Tag"
              }
            }
          },
          "required": true
        },
        "responses": {
          "201": {
            "description": "Tag created successfully"
          },
          "400": {
            "description": "Validation failed"
          },
          "401": {
            "description": "Unauthorized"
          }
        }
      }
    },
    "/tags/{id}": {
      "get": {
        "tags": ["Tag"],
        "summary": "Get tag by ID",
        "security": [{ "bearerAuth": [] }],
        "parameters": [
          {
            "name": "id",
            "in": "path",
            "required": true,
            "schema": {
              "type": "string"
            }
          }
        ],
        "responses": {
          "200": {
            "description": "Tag data",
            "content": {
              "application/json": {
                "schema": {
                  "$ref": "#/components/schemas/Tag"
                }
              }
            }
          },
          "401": {
            "description": "Unauthorized"
          },
          "404": {
            "description": "Tag not found"
          }
        }
      },
      "put": {
        "tags": ["Tag"],
        "summary": "Update tag",
        "security": [{ "bearerAuth": [] }],
        "parameters": [
          {
            "name": "id",
            "in": "path",
            "required": true,
            "schema": {
              "type": "string"
            }
          }
        ],
        "requestBody": {
          "content": {
            "application/json": {
              "schema": {
                "$ref": "#/components/schemas/Tag"
              }
            }
          },
          "required": true
        },
        "responses": {
          "200": {
            "description": "Tag updated successfully"
          },
          "400": {
            "description": "Validation failed"
          },
          "401": {
            "description": "Unauthorized"
          },
          "404": {
            "description": "Tag not found"
          }
        }
      },
      "delete": {
        "tags": ["Tag"],
        "summary": "Delete tag",
        "security": [{ "bearerAuth": [] }],
        "parameters": [
          {
            "name": "id",
            "in": "path",
            "required": true,
            "schema": {
              "type": "string"
            }
          }
        ],
        "responses": {
          "204": {
            "description": "Tag deleted successfully"
          },
          "401": {
            "description": "Unauthorized"
          },
          "404": {
            "description": "Tag not found"
          }
        }
      }
    },
    "/image-tags": {
      "get": {
        "tags": ["ImageTag"],
        "summary": "Get all image tags",
        "security": [{ "bearerAuth": [] }],
        "responses": {
          "200": {
            "description": "List of image tags",
            "content": {
              "application/json": {
                "schema": {
                  "type": "array",
                  "items": {
                    "$ref": "#/components/schemas/ImageTag"
                  }
                }
              }
            }
          },
          "401": {
            "description": "Unauthorized"
          }
        }
      },
      "post": {
        "tags": ["ImageTag"],
        "summary": "Create image tag",
        "security": [{ "bearerAuth": [] }],
        "requestBody": {
          "content": {
            "application/json": {
              "schema": {
                "$ref": "#/components/schemas/ImageTag"
              }
            }
          },
          "required": true
        },
        "responses": {
          "201": {
            "description": "Image tag created successfully"
          },
          "400": {
            "description": "Validation failed"
          },
          "401": {
            "description": "Unauthorized"
          }
        }
      }
    },
    "/image-tags/{id}": {
      "get": {
        "tags": ["ImageTag"],
        "summary": "Get image tag by ID",
        "security": [{ "bearerAuth": [] }],
        "parameters": [
          {
            "name": "id",
            "in": "path",
            "required": true,
            "schema": {
              "type": "string"
            }
          }
        ],
        "responses": {
          "200": {
            "description": "Image tag data",
            "content": {
              "application/json": {
                "schema": {
                  "$ref": "#/components/schemas/ImageTag"
                }
              }
            }
          },
          "401": {
            "description": "Unauthorized"
          },
          "404": {
            "description": "Image tag not found"
          }
        }
      },
      "put": {
        "tags": ["ImageTag"],
        "summary": "Update image tag",
        "security": [{ "bearerAuth": [] }],
        "parameters": [
          {
            "name": "id",
            "in": "path",
            "required": true,
            "schema": {
              "type": "string"
            }
          }
        ],
        "requestBody": {
          "content": {
            "application/json": {
              "schema": {
                "$ref": "#/components/schemas/ImageTag"
              }
            }
          },
          "required": true
        },
        "responses": {
          "200": {
            "description": "Image tag updated successfully"
          },
          "400": {
            "description": "Validation failed"
          },
          "401": {
            "description": "Unauthorized"
          },
          "404": {
            "description": "Image tag not found"
          }
        }
      },
      "delete": {
        "tags": ["ImageTag"],
        "summary": "Delete image tag",
        "security": [{ "bearerAuth": [] }],
        "parameters": [
          {
            "name": "id",
            "in": "path",
            "required": true,
            "schema": {
              "type": "string"
            }
          }
        ],
        "responses": {
          "204": {
            "description": "Image tag deleted successfully"
          },
          "401": {
            "description": "Unauthorized"
          },
          "404": {
            "description": "Image tag not found"
          }
        }
      }
    },
    "/activity-logs": {
      "get": {
        "tags": ["ActivityLog"],
        "summary": "Get all activity logs",
        "security": [{ "bearerAuth": [] }],
        "responses": {
          "200": {
            "description": "List of activity logs",
            "content": {
              "application/json": {
                "schema": {
                  "type": "array",
                  "items": {
                    "$ref": "#/components/schemas/ActivityLog"
                  }
                }
              }
            }
          },
          "401": {
            "description": "Unauthorized"
          }
        }
      },
      "post": {
        "tags": ["ActivityLog"],
        "summary": "Create activity log",
        "security": [{ "bearerAuth": [] }],
        "requestBody": {
          "content": {
            "application/json": {
              "schema": {
                "$ref": "#/components/schemas/ActivityLog"
              }
            }
          },
          "required": true
        },
        "responses": {
          "201": {
            "description": "Activity log created successfully"
          },
          "400": {
            "description": "Validation failed"
          },
          "401": {
            "description": "Unauthorized"
          }
        }
      }
    },
    "/activity-logs/{id}": {
      "get": {
        "tags": ["ActivityLog"],
        "summary": "Get activity log by ID",
        "security": [{ "bearerAuth": [] }],
        "parameters": [
          {
            "name": "id",
            "in": "path",
            "required": true,
            "schema": {
              "type": "string"
            }
          }
        ],
        "responses": {
          "200": {
            "description": "Activity log data",
            "content": {
              "application/json": {
                "schema": {
                  "$ref": "#/components/schemas/ActivityLog"
                }
              }
            }
          },
          "401": {
            "description": "Unauthorized"
          },
          "404": {
            "description": "Activity log not found"
          }
        }
      },
      "put": {
        "tags": ["ActivityLog"],
        "summary": "Update activity log",
        "security": [{ "bearerAuth": [] }],
        "parameters": [
          {
            "name": "id",
            "in": "path",
            "required": true,
            "schema": {
              "type": "string"
            }
          }
        ],
        "requestBody": {
          "content": {
            "application/json": {
              "schema": {
                "$ref": "#/components/schemas/ActivityLog"
              }
            }
          },
          "required": true
        },
        "responses": {
          "200": {
            "description": "Activity log updated successfully"
          },
          "400": {
            "description": "Validation failed"
          },
          "401": {
            "description": "Unauthorized"
          },
          "404": {
            "description": "Activity log not found"
          }
        }
      },
      "delete": {
        "tags": ["ActivityLog"],
        "summary": "Delete activity log",
        "security": [{ "bearerAuth": [] }],
        "parameters": [
          {
            "name": "id",
            "in": "path",
            "required": true,
            "schema": {
              "type": "string"
            }
          }
        ],
        "responses": {
          "204": {
            "description": "Activity log deleted successfully"
          },
          "401": {
            "description": "Unauthorized"
          },
          "404": {
            "description": "Activity log not found"
          }
        }
      }
    },
    "/packages/{websiteId}": {
      "post": {
        "tags": ["Package"],
        "summary": "Create package for website",
        "security": [{ "bearerAuth": [] }],
        "parameters": [
          {
            "name": "websiteId",
            "in": "path",
            "required": true,
            "schema": {
              "type": "string"
            }
          }
        ],
        "requestBody": {
          "content": {
            "application/json": {
              "schema": {
                "$ref": "#/components/schemas/Package"
              }
            }
          },
          "required": true
        },
        "responses": {
          "201": {
            "description": "Package created successfully"
          },
          "400": {
            "description": "Validation failed"
          },
          "401": {
            "description": "Unauthorized"
          }
        }
      }
    },
    "/packages/{id}/image": {
      "post": {
        "tags": ["Package"],
        "summary": "Upload package image",
        "security": [{ "bearerAuth": [] }],
        "parameters": [
          {
            "name": "id",
            "in": "path",
            "required": true,
            "schema": {
              "type": "string"
            }
          }
        ],
        "requestBody": {
          "content": {
            "multipart/form-data": {
              "schema": {
                "type": "object",
                "properties": {
                  "image": {
                    "type": "string",
                    "format": "binary"
                  }
                }
              }
            }
          }
        },
        "responses": {
          "200": {
            "description": "Package image uploaded successfully"
          },
          "400": {
            "description": "Validation failed"
          },
          "401": {
            "description": "Unauthorized"
          }
        }
      }
    },
    "/packages/{packageId}": {
      "get": {
        "tags": ["Package"],
        "summary": "Get package by ID",
        "parameters": [
          {
            "name": "packageId",
            "in": "path",
            "required": true,
            "schema": {
              "type": "string"
            }
          }
        ],
        "responses": {
          "200": {
            "description": "Package data",
            "content": {
              "application/json": {
                "schema": {
                  "$ref": "#/components/schemas/Package"
                }
              }
            }
          },
          "404": {
            "description": "Package not found"
          }
        }
      }
    },
    "/packages": {
      "get": {
        "tags": ["Package"],
        "summary": "Get all packages",
        "security": [{ "bearerAuth": [] }],
        "responses": {
          "200": {
            "description": "List of packages",
            "content": {
              "application/json": {
                "schema": {
                  "type": "array",
                  "items": {
                    "$ref": "#/components/schemas/Package"
                  }
                }
              }
            }
          },
          "401": {
            "description": "Unauthorized"
          }
        }
      }
    },
    "/packages/website/{websiteId}": {
      "get": {
        "tags": ["Package"],
        "summary": "Get packages by website ID",
        "security": [{ "bearerAuth": [] }],
        "parameters": [
          {
            "name": "websiteId",
            "in": "path",
            "required": true,
            "schema": {
              "type": "string"
            }
          }
        ],
        "responses": {
          "200": {
            "description": "List of packages for website",
            "content": {
              "application/json": {
                "schema": {
                  "type": "array",
                  "items": {
                    "$ref": "#/components/schemas/Package"
                  }
                }
              }
            }
          },
          "401": {
            "description": "Unauthorized"
          },
          "404": {
            "description": "Website not found"
          }
        }
      }
    },
    "/packages/public/website/{websiteId}": {
      "get": {
        "tags": ["Package"],
        "summary": "Get public packages by website ID",
        "parameters": [
          {
            "name": "websiteId",
            "in": "path",
            "required": true,
            "schema": {
              "type": "string"
            }
          }
        ],
        "responses": {
          "200": {
            "description": "List of public packages for website",
            "content": {
              "application/json": {
                "schema": {
                  "type": "array",
                  "items": {
                    "$ref": "#/components/schemas/Package"
                  }
                }
              }
            }
          },
          "404": {
            "description": "Website not found"
          }
        }
      }
    },
    "/packages/{id}": {
      "put": {
        "tags": ["Package"],
        "summary": "Update package",
        "security": [{ "bearerAuth": [] }],
        "parameters": [
          {
            "name": "id",
            "in": "path",
            "required": true,
            "schema": {
              "type": "string"
            }
          }
        ],
        "requestBody": {
          "content": {
            "application/json": {
              "schema": {
                "$ref": "#/components/schemas/Package"
              }
            }
          },
          "required": true
        },
        "responses": {
          "200": {
            "description": "Package updated successfully"
          },
          "400": {
            "description": "Validation failed"
          },
          "401": {
            "description": "Unauthorized"
          },
          "404": {
            "description": "Package not found"
          }
        }
      },
      "delete": {
        "tags": ["Package"],
        "summary": "Delete package",
        "security": [{ "bearerAuth": [] }],
        "parameters": [
          {
            "name": "id",
            "in": "path",
            "required": true,
            "schema": {
              "type": "string"
            }
          }
        ],
        "responses": {
          "204": {
            "description": "Package deleted successfully"
          },
          "401": {
            "description": "Unauthorized"
          },
          "404": {
            "description": "Package not found"
          }
        }
      }
    },
    "/packages/{websiteId}/upload": {
      "post": {
        "tags": ["Package"],
        "summary": "Upload package with image",
        "security": [{ "bearerAuth": [] }],
        "parameters": [
          {
            "name": "websiteId",
            "in": "path",
            "required": true,
            "schema": {
              "type": "string"
            }
          }
        ],
        "requestBody": {
          "content": {
            "multipart/form-data": {
              "schema": {
                "type": "object",
                "properties": {
                  "image": {
                    "type": "string",
                    "format": "binary"
                  },
                  "name": {
                    "type": "string"
                  },
                  "price": {
                    "type": "number"
                  },
                  "location": {
                    "type": "string"
                  },
                  "description": {
                    "type": "string"
                  }
                }
              }
            }
          }
        },
        "responses": {
          "201": {
            "description": "Package created with upload successfully"
          },
          "400": {
            "description": "Validation failed"
          },
          "401": {
            "description": "Unauthorized"
          }
        }
      }
    },
    "/regulations": {
      "get": {
        "tags": ["Regulation"],
        "summary": "Get all regulations",
        "responses": {
          "200": {
            "description": "List of all regulations"
          }
        }
      }
    },
    "/regulations/{section}": {
      "get": {
        "tags": ["Regulation"],
        "summary": "Get regulations by section",
        "parameters": [
          {
            "name": "section",
            "in": "path",
            "required": true,
            "schema": {
              "type": "string"
            }
          }
        ],
        "responses": {
          "200": {
            "description": "List of regulations in section"
          },
          "404": {
            "description": "Section not found"
          }
        }
      },
      "post": {
        "tags": ["Regulation"],
        "summary": "Create regulation in section",
        "security": [{ "bearerAuth": [] }],
        "parameters": [
          {
            "name": "section",
            "in": "path",
            "required": true,
            "schema": {
              "type": "string"
            }
          }
        ],
        "requestBody": {
          "content": {
            "application/json": {
              "schema": {
                "type": "object"
              }
            }
          },
          "required": true
        },
        "responses": {
          "201": {
            "description": "Regulation created successfully"
          },
          "400": {
            "description": "Validation failed"
          },
          "401": {
            "description": "Unauthorized"
          }
        }
      }
    },
    "/regulations/{section}/{id}": {
      "get": {
        "tags": ["Regulation"],
        "summary": "Get regulation by ID in section",
        "parameters": [
          {
            "name": "section",
            "in": "path",
            "required": true,
            "schema": {
              "type": "string"
            }
          },
          {
            "name": "id",
            "in": "path",
            "required": true,
            "schema": {
              "type": "string"
            }
          }
        ],
        "responses": {
          "200": {
            "description": "Regulation data"
          },
          "404": {
            "description": "Regulation not found"
          }
        }
      },
      "put": {
        "tags": ["Regulation"],
        "summary": "Update regulation in section",
        "security": [{ "bearerAuth": [] }],
        "parameters": [
          {
            "name": "section",
            "in": "path",
            "required": true,
            "schema": {
              "type": "string"
            }
          },
          {
            "name": "id",
            "in": "path",
            "required": true,
            "schema": {
              "type": "string"
            }
          }
        ],
        "requestBody": {
          "content": {
            "application/json": {
              "schema": {
                "type": "object"
              }
            }
          },
          "required": true
        },
        "responses": {
          "200": {
            "description": "Regulation updated successfully"
          },
          "400": {
            "description": "Validation failed"
          },
          "401": {
            "description": "Unauthorized"
          },
          "404": {
            "description": "Regulation not found"
          }
        }
      },
      "delete": {
        "tags": ["Regulation"],
        "summary": "Delete regulation from section",
        "security": [{ "bearerAuth": [] }],
        "parameters": [
          {
            "name": "section",
            "in": "path",
            "required": true,
            "schema": {
              "type": "string"
            }
          },
          {
            "name": "id",
            "in": "path",
            "required": true,
            "schema": {
              "type": "string"
            }
          }
        ],
        "responses": {
          "204": {
            "description": "Regulation deleted successfully"
          },
          "401": {
            "description": "Unauthorized"
          },
          "404": {
            "description": "Regulation not found"
          }
        }
      }
    },
    "/attachments": {
      "get": {
        "tags": ["Attachments"],
        "summary": "Get all attachments",
        "security": [{ "bearerAuth": [] }],
        "responses": {
          "200": {
            "description": "List of attachments",
            "content": {
              "application/json": {
                "schema": {
                  "type": "array",
                  "items": {
                    "$ref": "#/components/schemas/Attachment"
                  }
                }
              }
            }
          },
          "401": {
            "description": "Unauthorized"
          }
        }
      },
      "post": {
        "tags": ["Attachments"],
        "summary": "Upload attachment file",
        "security": [{ "bearerAuth": [] }],
        "requestBody": {
          "content": {
            "multipart/form-data": {
              "schema": {
                "type": "object",
                "properties": {
                  "file": {
                    "type": "string",
                    "format": "binary"
                  },
                  "title": {
                    "type": "string"
                  },
                  "description": {
                    "type": "string"
                  },
                  "image": {
                    "type": "string",
                    "format": "binary"
                  },
                  "type": {
                    "type": "string",
                    "enum": [
                      "POLICY_AND_LAW",
                      "REGULATIONS_AND_GUIDANCE",
                      "LIST_OF_EXPERTS",
                      "APPROVED_PROJECTS",
                      "ANNOUNCEMENTS"
                    ]
                  }
                },
                "required": ["file", "type"]
              }
            }
          }
        },
        "responses": {
          "201": {
            "description": "Attachment uploaded successfully",
            "content": {
              "application/json": {
                "schema": {
                  "$ref": "#/components/schemas/Attachment"
                }
              }
            }
          },
          "400": {
            "description": "Validation failed"
          },
          "401": {
            "description": "Unauthorized"
          }
        }
      }
    },
    "/attachments/{id}": {
      "get": {
        "tags": ["Attachments"],
        "summary": "Get attachment by ID",
        "security": [{ "bearerAuth": [] }],
        "parameters": [
          {
            "name": "id",
            "in": "path",
            "required": true,
            "schema": {
              "type": "integer"
            }
          }
        ],
        "responses": {
          "200": {
            "description": "Attachment data",
            "content": {
              "application/json": {
                "schema": {
                  "$ref": "#/components/schemas/Attachment"
                }
              }
            }
          },
          "401": {
            "description": "Unauthorized"
          },
          "404": {
            "description": "Attachment not found"
          }
        }
      },
      "put": {
        "tags": ["Attachments"],
        "summary": "Update attachment",
        "security": [{ "bearerAuth": [] }],
        "parameters": [
          {
            "name": "id",
            "in": "path",
            "required": true,
            "schema": {
              "type": "integer"
            }
          }
        ],
        "requestBody": {
          "content": {
            "application/json": {
              "schema": {
                "$ref": "#/components/schemas/UpdateAttachmentRequest"
              }
            }
          },
          "required": true
        },
        "responses": {
          "200": {
            "description": "Attachment updated successfully",
            "content": {
              "application/json": {
                "schema": {
                  "$ref": "#/components/schemas/Attachment"
                }
              }
            }
          },
          "400": {
            "description": "Validation failed"
          },
          "401": {
            "description": "Unauthorized"
          },
          "404": {
            "description": "Attachment not found"
          }
        }
      },
      "delete": {
        "tags": ["Attachments"],
        "summary": "Delete attachment",
        "security": [{ "bearerAuth": [] }],
        "parameters": [
          {
            "name": "id",
            "in": "path",
            "required": true,
            "schema": {
              "type": "integer"
            }
          }
        ],
        "responses": {
          "204": {
            "description": "Attachment deleted successfully"
          },
          "401": {
            "description": "Unauthorized"
          },
          "404": {
            "description": "Attachment not found"
          }
        }
      }
    },
    "/attachments/type/{type}": {
      "get": {
        "tags": ["Attachments"],
        "summary": "Get attachments by type",
        "parameters": [
          {
            "name": "type",
            "in": "path",
            "required": true,
            "schema": {
              "type": "string",
              "enum": [
                "POLICY_AND_LAW",
                "REGULATIONS_AND_GUIDANCE",
                "LIST_OF_EXPERTS",
                "APPROVED_PROJECTS",
                "ANNOUNCEMENTS"
              ]
            }
          }
        ],
        "responses": {
          "200": {
            "description": "List of attachments by type",
            "content": {
              "application/json": {
                "schema": {
                  "type": "array",
                  "items": {
                    "$ref": "#/components/schemas/Attachment"
                  }
                }
              }
            }
          },
          "400": {
            "description": "Invalid attachment type"
          }
        }
      }
    }
  }
}
